"Slug","Title","Category","PublishedAt","WordCount"
"15-kitchen-hacks","15 Kitchen Hacks That Will Save You Time and Money","food","","886"
"air-vent-cleaning","Air Vent Cleaning","cleaning","2026-06-30T09:00:00Z","475"
"all-purpose-recipe","All-Purpose Recipe","cleaning","2026-11-14T09:00:00Z","476"
"allergy-friendly-swaps","Allergy-Friendly Swaps","food","2026-11-27T09:00:00Z","475"
"allergy-proof-cleaning","Allergy-Proof Cleaning","cleaning","2026-09-18T09:00:00Z","475"
"amazing-animal-story-160","Amazing Animal Story","viral-stories","2026-05-24T15:00:00Z","442"
"amazing-animal-story-288","Amazing Animal Story","viral-stories","2026-07-27T15:00:00Z","438"
"amazing-animal-story-416","Amazing Animal Story","viral-stories","2026-09-29T15:00:00Z","439"
"amazing-animal-story-544","Amazing Animal Story","viral-stories","2026-12-03T15:00:00Z","440"
"amazing-animal-story","Amazing Animal Story","viral-stories","2026-03-22T15:00:00Z","439"
"anti-aging-tips-263","Anti-Aging Tips","beauty","2026-07-15T09:00:00Z","453"
"anti-aging-tips-479","Anti-Aging Tips","beauty","2026-11-01T09:00:00Z","454"
"anti-aging-tips","Anti-Aging Tips","beauty","2026-03-29T09:00:00Z","456"
"anti-inflammatory-foods","Anti-Inflammatory Foods","health","2026-05-01T15:00:00Z","437"
"anxiety-and-diet","Anxiety and Diet","health","2026-08-13T15:00:00Z","437"
"apple-cider-vinegar-benefits","The Ultimate Guide to Apple Cider Vinegar Benefits","health","","912"
"appliance-deep-clean-585","Appliance Deep Clean","cleaning","2026-12-24T09:00:00Z","476"
"appliance-deep-clean","Appliance Deep Clean","cleaning","2026-03-30T09:00:00Z","478"
"arthritis-tips","Arthritis Tips","health","2026-09-10T15:00:00Z","437"
"b12-and-energy","B12 and Energy","health","2026-09-02T15:00:00Z","440"
"baby-safe-cleaners","Baby-Safe Cleaners","cleaning","2026-09-22T09:00:00Z","472"
"backpack-cleaning","Backpack Cleaning","cleaning","2026-07-08T09:00:00Z","475"
"backup-data-453","Backup Data","life-hacks","2026-10-18T09:00:00Z","460"
"backup-data","Backup Data","life-hacks","2026-05-31T09:00:00Z","464"
"baking-soda-cleaning-hacks","15 Genius Baking Soda Cleaning Hacks for Every Room","cleaning","","911"
"baking-soda-hacks","10 Surprising Ways Baking Soda Can Transform Your Home","cleaning","","389"
"baking-substitutions","Baking Substitutions","food","2026-08-06T09:00:00Z","474"
"balcony-garden","Balcony Garden","home-and-garden","2026-05-22T15:00:00Z","444"
"baseboard-cleaning","Baseboard Cleaning","cleaning","2026-06-14T09:00:00Z","474"
"basic-tool-kit-302","Basic Tool Kit","diy","2026-08-03T15:00:00Z","446"
"basic-tool-kit-598","Basic Tool Kit","diy","2026-12-30T15:00:00Z","446"
"basic-tool-kit","Basic Tool Kit","diy","2026-03-09T15:00:00Z","440"
"batch-cooking-basics-587","Batch Cooking Basics","food","2026-12-25T09:00:00Z","475"
"batch-cooking-basics","Batch Cooking Basics","food","2026-03-12T09:00:00Z","474"
"bathroom-spray-recipe","Bathroom Spray Recipe","cleaning","2026-11-18T09:00:00Z","479"
"bathroom-storage-524","Bathroom Storage","home-and-garden","2026-11-23T15:00:00Z","444"
"bathroom-storage","Bathroom Storage","home-and-garden","2026-03-31T15:00:00Z","444"
"bbq-safety","BBQ Safety","food","2026-11-15T09:00:00Z","472"
"bean-soaking","Bean Soaking","food","2026-06-19T09:00:00Z","472"
"bedroom-for-sleep","Bedroom for Sleep","health","2026-10-12T15:00:00Z","437"
"before-and-after-168","Before and After","viral-stories","2026-05-28T15:00:00Z","442"
"before-and-after-296","Before and After","viral-stories","2026-07-31T15:00:00Z","440"
"before-and-after-424","Before and After","viral-stories","2026-10-03T15:00:00Z","439"
"before-and-after-552","Before and After","viral-stories","2026-12-07T15:00:00Z","439"
"before-and-after","Before and After","viral-stories","2026-03-26T15:00:00Z","440"
"best-home-organization-tricks","The Best Home Organization Tricks You Need to Try","home-and-garden","","912"
"best-morning-routine-tips","5 Best Morning Routine Tips for a Productive Day","health","","684"
"beverage-ideas","Beverage Ideas","food","2026-09-11T09:00:00Z","472"
"blender-gasket-cleaning","Blender Gasket Cleaning","cleaning","2026-07-24T09:00:00Z","476"
"blind-cleaning","Blind Cleaning","cleaning","2026-06-22T09:00:00Z","475"
"blood-sugar-balance","Blood Sugar Balance","health","2026-04-23T15:00:00Z","439"
"blue-light-tips","Blue Light Tips","health","2026-06-02T15:00:00Z","439"
"bookcase-styling","Bookcase Styling","home-and-garden","2026-09-07T15:00:00Z","442"
"bread-storage","Bread Storage","food","2026-04-28T09:00:00Z","477"
"breakfast-meal-prep","Breakfast Meal Prep","food","2026-07-09T09:00:00Z","477"
"breathing-exercises","Breathing Exercises","health","2026-11-30T15:00:00Z","628"
"bucket-organization","Bucket Organization","cleaning","2026-11-06T09:00:00Z","472"
"budget-grocery","Budget Grocery","food","2026-07-25T09:00:00Z","474"
"budget-makeover-192","Budget Makeover","viral-stories","2026-06-09T15:00:00Z","436"
"budget-makeover-320","Budget Makeover","viral-stories","2026-08-12T15:00:00Z","669"
"budget-makeover-448","Budget Makeover","viral-stories","2026-10-15T15:00:00Z","437"
"budget-makeover-576","Budget Makeover","viral-stories","2026-12-19T15:00:00Z","436"
"budget-makeover","Budget Makeover","viral-stories","2026-04-06T15:00:00Z","437"
"budget-tracking-357","Budget Tracking","life-hacks","2026-08-31T09:00:00Z","463"
"budget-tracking","Budget Tracking","life-hacks","2026-04-13T09:00:00Z","462"
"cable-management","Cable Management","home-and-garden","2026-10-09T15:00:00Z","444"
"caffeine-and-sleep","Caffeine and Sleep","health","2026-05-25T15:00:00Z","441"
"cake-layers","Cake Layers","food","2026-08-30T09:00:00Z","472"
"calcium-sources","Calcium Sources","health","2026-08-29T15:00:00Z","437"
"calendar-tips-325","Calendar Tips","life-hacks","2026-08-15T09:00:00Z","461"
"calendar-tips","Calendar Tips","life-hacks","2026-03-29T09:00:00Z","463"
"card-making-590","Card Making","diy","2026-12-26T15:00:00Z","442"
"card-making","Card Making","diy","2026-07-30T15:00:00Z","445"
"carpet-odor-removal","Carpet Odor Removal","cleaning","2026-04-11T09:00:00Z","476"
"caulking-gaps-342","Caulking Gaps","diy","2026-08-23T15:00:00Z","443"
"caulking-gaps","Caulking Gaps","diy","2026-03-29T15:00:00Z","446"
"ceiling-fan-dust","Ceiling Fan Dust","cleaning","2026-06-26T09:00:00Z","478"
"ceiling-fan-install-438","Ceiling Fan Install","diy","2026-10-10T15:00:00Z","446"
"ceiling-fan-install","Ceiling Fan Install","diy","2026-05-15T15:00:00Z","446"
"cheap-healthy-meal-prep","Cheap Healthy Meal Prep Ideas on a Budget","food","","717"
"cheese-storage","Cheese Storage","food","2026-05-02T09:00:00Z","477"
"closet-organization-484","Closet Organization","home-and-garden","2026-11-03T15:00:00Z","442"
"closet-organization","Closet Organization","home-and-garden","2026-03-12T15:00:00Z","441"
"club-soda-for-stains","Club Soda for Stains","cleaning","2026-10-08T09:00:00Z","478"
"coconut-oil-uses","20 Amazing Uses for Coconut Oil You Need to Know","health","","906"
"coffee-maker-descaling","Coffee Maker Descaling","cleaning","2026-07-20T09:00:00Z","475"
"cold-and-flu-prevention","Cold and Flu Prevention","health","2026-07-20T15:00:00Z","441"
"color-palette-tips","Color Palette Tips","home-and-garden","2026-06-11T15:00:00Z","447"
"community-story-208","Community Story","viral-stories","2026-06-17T15:00:00Z","539"
"community-story-336","Community Story","viral-stories","2026-08-20T15:00:00Z","438"
"community-story-464","Community Story","viral-stories","2026-10-23T15:00:00Z","439"
"community-story-592","Community Story","viral-stories","2026-12-27T15:00:00Z","436"
"community-story","Community Story","viral-stories","2026-04-14T15:00:00Z","436"
"compost-for-garden-580","Compost for Garden","home-and-garden","2026-12-21T15:00:00Z","448"
"compost-for-garden","Compost for Garden","home-and-garden","2026-04-28T15:00:00Z","445"
"composting-basics","Composting Basics","food","2026-04-12T09:00:00Z","471"
"concealer-tips-351","Concealer Tips","beauty","2026-08-28T09:00:00Z","655"
"concealer-tips-567","Concealer Tips","beauty","2026-12-15T09:00:00Z","653"
"concealer-tips","Concealer Tips","beauty","2026-05-12T09:00:00Z","453"
"conditioner-tips-303","Conditioner Tips","beauty","2026-08-04T09:00:00Z","453"
"conditioner-tips-519","Conditioner Tips","beauty","2026-11-21T09:00:00Z","453"
"conditioner-tips","Conditioner Tips","beauty","2026-04-18T09:00:00Z","454"
"congestion-relief","Congestion Relief","health","2026-07-28T15:00:00Z","436"
"container-gardening-548","Container Gardening","home-and-garden","2026-12-05T15:00:00Z","442"
"container-gardening","Container Gardening","home-and-garden","2026-04-12T15:00:00Z","444"
"cookie-baking","Cookie Baking","food","2026-08-26T09:00:00Z","471"
"cornstarch-for-grease","Cornstarch for Grease","cleaning","2026-10-12T09:00:00Z","474"
"cough-remedies","Cough Remedies","health","2026-08-01T15:00:00Z","438"
"countertop-disinfection","Countertop Disinfection","cleaning","2026-08-21T09:00:00Z","472"
"coupon-and-sale","Coupon and Sale","food","2026-07-29T09:00:00Z","474"
"cozy-touches","Cozy Touches","home-and-garden","2026-10-26T15:00:00Z","442"
"craft-storage-558","Craft Storage","diy","2026-12-10T15:00:00Z","442"
"craft-storage","Craft Storage","diy","2026-07-14T15:00:00Z","446"
"creative-solution-240","Creative Solution","viral-stories","2026-07-03T15:00:00Z","601"
"creative-solution-368","Creative Solution","viral-stories","2026-09-05T15:00:00Z","570"
"creative-solution-496","Creative Solution","viral-stories","2026-11-09T15:00:00Z","439"
"creative-solution","Creative Solution","viral-stories","2026-04-30T15:00:00Z","436"
"curtain-and-rod","Curtain and Rod","home-and-garden","2026-06-23T15:00:00Z","445"
"cuticle-care-383","Cuticle Care","beauty","2026-09-13T09:00:00Z","585"
"cuticle-care","Cuticle Care","beauty","2026-05-28T09:00:00Z","766"
"cutting-board-care","Cutting Board Care","food","2026-10-21T09:00:00Z","478"
"cutting-board-sanitizing","Cutting Board Sanitizing","cleaning","2026-07-28T09:00:00Z","478"
"dairy-free-swaps","Dairy-Free Swaps","food","2026-12-09T09:00:00Z","473"
"deck-care","Deck Care","home-and-garden","2026-07-21T15:00:00Z","444"
"desk-build-542","Desk Build","diy","2026-12-02T15:00:00Z","442"
"desk-build","Desk Build","diy","2026-07-06T15:00:00Z","443"
"desk-exercise","Desk Exercise","health","2026-06-18T15:00:00Z","551"
"diet-and-glow-423","Diet and Glow","beauty","2026-10-03T09:00:00Z","458"
"diet-and-glow","Diet and Glow","beauty","2026-06-17T09:00:00Z","455"
"digestive-health","Digestive Health","health","2026-04-19T15:00:00Z","438"
"dinner-when-busy-549","Dinner When Busy","life-hacks","2026-12-06T09:00:00Z","466"
"dinner-when-busy","Dinner When Busy","life-hacks","2026-07-18T09:00:00Z","464"
"dishwasher-maintenance","Dishwasher Maintenance","cleaning","2026-06-02T09:00:00Z","475"
"diy-shelving","DIY Shelving","home-and-garden","2026-08-30T15:00:00Z","441"
"diy-success-200","DIY Success","viral-stories","2026-06-13T15:00:00Z","438"
"diy-success-328","DIY Success","viral-stories","2026-08-16T15:00:00Z","680"
"diy-success-456","DIY Success","viral-stories","2026-10-19T15:00:00Z","600"
"diy-success-584","DIY Success","viral-stories","2026-12-23T15:00:00Z","661"
"diy-success","DIY Success","viral-stories","2026-04-10T15:00:00Z","438"
"door-hinge-fix-446","Door Hinge Fix","diy","2026-10-14T15:00:00Z","447"
"door-hinge-fix","Door Hinge Fix","diy","2026-05-19T15:00:00Z","446"
"drawer-dividers-492","Drawer Dividers","home-and-garden","2026-11-07T15:00:00Z","444"
"drawer-dividers","Drawer Dividers","home-and-garden","2026-03-16T15:00:00Z","442"
"dry-skin-fix-239","Dry Skin Fix","beauty","2026-07-03T09:00:00Z","456"
"dry-skin-fix-455","Dry Skin Fix","beauty","2026-10-19T09:00:00Z","456"
"dry-skin-fix","Dry Skin Fix","beauty","2026-03-18T09:00:00Z","459"
"dryer-vent-safety","Dryer Vent Safety","cleaning","2026-06-10T09:00:00Z","477"
"drywall-patch-334","Drywall Patch","diy","2026-08-19T15:00:00Z","446"
"drywall-patch","Drywall Patch","diy","2026-03-25T15:00:00Z","446"
"eco-friendly-dish-soap-593","Eco-Friendly Dish Soap","cleaning","2026-12-28T09:00:00Z","478"
"eco-friendly-dish-soap","Eco-Friendly Dish Soap","cleaning","2026-04-03T09:00:00Z","476"
"egg-storage","Egg Storage","food","2026-05-06T09:00:00Z","474"
"eggs-in-fridge","Should Eggs Be in the Refrigerator? The Answer May Surprise You","food","","367"
"email-inbox-zero-317","Email Inbox Zero","life-hacks","2026-08-11T09:00:00Z","463"
"email-inbox-zero-597","Email Inbox Zero","life-hacks","2026-12-30T09:00:00Z","463"
"email-inbox-zero","Email Inbox Zero","life-hacks","2026-03-25T09:00:00Z","463"
"entryway-organization-508","Entryway Organization","home-and-garden","2026-11-15T15:00:00Z","441"
"entryway-organization","Entryway Organization","home-and-garden","2026-03-24T15:00:00Z","441"
"essential-oil-cleaners","Essential Oil Cleaners","cleaning","2026-09-26T09:00:00Z","477"
"evening-routine-293","Evening Routine","life-hacks","2026-07-30T09:00:00Z","460"
"evening-routine-573","Evening Routine","life-hacks","2026-12-18T09:00:00Z","463"
"evening-routine","Evening Routine","life-hacks","2026-03-13T09:00:00Z","457"
"evening-wind-down","Evening Wind-Down","health","2026-06-06T15:00:00Z","438"
"eye-cream-use-271","Eye Cream Use","beauty","2026-07-19T09:00:00Z","455"
"eye-cream-use-487","Eye Cream Use","beauty","2026-11-05T09:00:00Z","456"
"eye-cream-use","Eye Cream Use","beauty","2026-04-02T09:00:00Z","457"
"eye-strain-relief","Eye Strain Relief","health","2026-07-16T15:00:00Z","438"
"eyebrow-shape-359","Eyebrow Shape","beauty","2026-09-01T09:00:00Z","454"
"eyebrow-shape-575","Eyebrow Shape","beauty","2026-12-19T09:00:00Z","453"
"eyebrow-shape","Eyebrow Shape","beauty","2026-05-16T09:00:00Z","623"
"fall-home-deep-clean","Fall Home Deep Clean","cleaning","2026-09-02T09:00:00Z","482"
"faucet-drip-fix-374","Faucet Drip Fix","diy","2026-09-08T15:00:00Z","448"
"faucet-drip-fix","Faucet Drip Fix","diy","2026-04-13T15:00:00Z","449"
"fence-maintenance","Fence Maintenance","home-and-garden","2026-07-25T15:00:00Z","444"
"fiber-rich-diet","Fiber-Rich Diet","health","2026-05-09T15:00:00Z","437"
"fixing-wobbly-chair-326","Fixing Wobbly Chair","diy","2026-08-15T15:00:00Z","446"
"fixing-wobbly-chair","Fixing Wobbly Chair","diy","2026-03-21T15:00:00Z","447"
"floating-shelves","Floating Shelves","home-and-garden","2026-09-03T15:00:00Z","443"
"floor-cleaner-recipe","Floor Cleaner Recipe","cleaning","2026-11-26T09:00:00Z","477"
"flower-beds","Flower Beds","home-and-garden","2026-06-03T15:00:00Z","444"
"focus-and-distraction-341","Focus and Distraction","life-hacks","2026-08-23T09:00:00Z","464"
"focus-and-distraction","Focus and Distraction","life-hacks","2026-04-05T09:00:00Z","464"
"food-storage-that-works","Food Storage That Works","food","2026-03-28T09:00:00Z","478"
"food-thermometer","Food Thermometer","food","2026-10-30T09:00:00Z","472"
"foundation-match-343","Foundation Match","beauty","2026-08-24T09:00:00Z","453"
"foundation-match-559","Foundation Match","beauty","2026-12-11T09:00:00Z","453"
"foundation-match","Foundation Match","beauty","2026-05-08T09:00:00Z","670"
"freezer-burn-prevention","Freezer Burn Prevention","food","2026-05-14T09:00:00Z","479"
"freezer-meal-ideas-595","Freezer Meal Ideas","food","2026-12-29T09:00:00Z","478"
"freezer-meal-ideas","Freezer Meal Ideas","food","2026-03-16T09:00:00Z","475"
"freezer-meal-prep-guide","The Ultimate Freezer Meal Prep Guide for Busy Weeknights","food","","942"
"fridge-organization","Fridge Organization","food","2026-03-31T09:00:00Z","472"
"frosting-tips","Frosting Tips","food","2026-09-03T09:00:00Z","474"
"fruit-ripening","Fruit Ripening","food","2026-04-24T09:00:00Z","477"
"furniture-assembly-318","Furniture Assembly","diy","2026-08-11T15:00:00Z","446"
"furniture-assembly","Furniture Assembly","diy","2026-03-17T15:00:00Z","446"
"furniture-placement","Furniture Placement","home-and-garden","2026-06-15T15:00:00Z","442"
"furniture-upcycling","Furniture Upcycling","home-and-garden","2026-08-22T15:00:00Z","444"
"garage-organization-532","Garage Organization","home-and-garden","2026-11-27T15:00:00Z","441"
"garage-organization","Garage Organization","home-and-garden","2026-04-04T15:00:00Z","444"
"garbage-disposal-cleaning","Garbage Disposal Cleaning","cleaning","2026-08-09T09:00:00Z","474"
"garden-planning-540","Garden Planning","home-and-garden","2026-12-01T15:00:00Z","441"
"garden-planning","Garden Planning","home-and-garden","2026-04-08T15:00:00Z","444"
"garlic-and-onion-prep","Garlic and Onion Prep","food","2026-10-13T09:00:00Z","481"
"genius-cleaning-tips","Genius Cleaning Tips Professional Cleaners Swear By","cleaning","","771"
"genius-laundry-tips","10 Genius Laundry Tips to Save Time and Money","cleaning","","747"
"gift-ideas-477","Gift Ideas","life-hacks","2026-10-31T09:00:00Z","463"
"gift-ideas","Gift Ideas","life-hacks","2026-06-12T09:00:00Z","462"
"gift-wrapping-582","Gift Wrapping","diy","2026-12-22T15:00:00Z","442"
"gift-wrapping","Gift Wrapping","diy","2026-07-26T15:00:00Z","445"
"glass-and-mirror-streak-free","Glass and Mirror Streak-Free","cleaning","2026-04-07T09:00:00Z","479"
"gluten-free-basics","Gluten-Free Basics","food","2026-12-05T09:00:00Z","473"
"gratitude-and-health","Gratitude and Health","health","2026-12-08T15:00:00Z","440"
"grocery-list-app-557","Grocery List App","life-hacks","2026-12-10T09:00:00Z","464"
"grocery-list-app","Grocery List App","life-hacks","2026-07-22T09:00:00Z","466"
"grout-cleaning","Grout Cleaning","cleaning","2026-04-27T09:00:00Z","472"
"guest-room-tips","Guest Room Tips","home-and-garden","2026-09-23T15:00:00Z","444"
"gut-health-basics","Gut Health Basics","health","2026-03-19T15:00:00Z","438"
"hair-health-diet","Hair Health Diet","health","2026-09-22T15:00:00Z","437"
"hair-mask-319","Hair Mask","beauty","2026-08-12T09:00:00Z","454"
"hair-mask-535","Hair Mask","beauty","2026-11-29T09:00:00Z","453"
"hair-mask","Hair Mask","beauty","2026-04-26T09:00:00Z","453"
"hair-washing-right-295","Hair Washing Right","beauty","2026-07-31T09:00:00Z","455"
"hair-washing-right-511","Hair Washing Right","beauty","2026-11-17T09:00:00Z","455"
"hair-washing-right","Hair Washing Right","beauty","2026-04-14T09:00:00Z","456"
"hand-care-287","Hand Care","beauty","2026-07-27T09:00:00Z","455"
"hand-care-503","Hand Care","beauty","2026-11-13T09:00:00Z","453"
"hand-care","Hand Care","beauty","2026-04-10T09:00:00Z","456"
"hand-washing","Hand Washing","health","2026-10-04T15:00:00Z","435"
"hanging-pictures-straight-310","Hanging Pictures Straight","diy","2026-08-07T15:00:00Z","445"
"hanging-pictures-straight","Hanging Pictures Straight","diy","2026-03-13T15:00:00Z","442"
"headboard-diy-550","Headboard DIY","diy","2026-12-06T15:00:00Z","442"
"headboard-diy","Headboard DIY","diy","2026-07-10T15:00:00Z","444"
"healthy-snacking","Healthy Snacking","health","2026-11-06T15:00:00Z","721"
"heart-healthy-habits","Heart-Healthy Habits","health","2026-04-27T15:00:00Z","439"
"heat-protectant-311","Heat Protectant","beauty","2026-08-08T09:00:00Z","453"
"heat-protectant-527","Heat Protectant","beauty","2026-11-25T09:00:00Z","453"
"heat-protectant","Heat Protectant","beauty","2026-04-22T09:00:00Z","456"
"herb-garden","Herb Garden","home-and-garden","2026-05-26T15:00:00Z","441"
"herb-storage","Herb Storage","food","2026-04-16T09:00:00Z","474"
"hobby-and-stress","Hobby and Stress","health","2026-12-16T15:00:00Z","437"
"holiday-diy-decor-566","Holiday DIY Decor","diy","2026-12-14T15:00:00Z","448"
"holiday-diy-decor","Holiday DIY Decor","diy","2026-07-18T15:00:00Z","448"
"holiday-prep-cleaning","Holiday Prep Cleaning","cleaning","2026-09-06T09:00:00Z","479"
"holiday-storage","Holiday Storage","home-and-garden","2026-10-17T15:00:00Z","442"
"home-office-setup","Home Office Setup","home-and-garden","2026-10-05T15:00:00Z","443"
"home-workout-basics","Home Workout Basics","health","2026-11-22T15:00:00Z","439"
"homework-help-517","Homework Help","life-hacks","2026-11-20T09:00:00Z","463"
"homework-help","Homework Help","life-hacks","2026-07-02T09:00:00Z","460"
"homework-space","Homework Space","home-and-garden","2026-09-19T15:00:00Z","442"
"hot-chocolate","Hot Chocolate","food","2026-09-27T09:00:00Z","473"
"how-to-declutter-home-fast","How to Declutter Your Home Fast: A Step-by-Step Guide","home-and-garden","","775"
"how-to-grow-herbs-at-home","How to Grow Herbs at Home: A Beginner","home-and-garden","","846"
"hydration-habits","Hydration Habits","health","2026-03-27T15:00:00Z","436"
"hydrogen-peroxide-cleaning-uses-537","Hydrogen Peroxide Cleaning Uses","cleaning","2026-11-30T09:00:00Z","477"
"hydrogen-peroxide-cleaning-uses","Hydrogen Peroxide Cleaning Uses","cleaning","2026-03-07T09:00:00Z","472"
"iced-coffee-at-home","Iced Coffee at Home","food","2026-09-19T09:00:00Z","479"
"immune-boosting-foods","Immune-Boosting Foods","health","2026-04-07T15:00:00Z","438"
"indoor-plants-556","Indoor Plants","home-and-garden","2026-12-09T15:00:00Z","443"
"indoor-plants","Indoor Plants","home-and-garden","2026-04-16T15:00:00Z","442"
"infused-water","Infused Water","food","2026-09-15T09:00:00Z","472"
"inspiring-home-transformation-136","Inspiring Home Transformation","viral-stories","2026-05-12T15:00:00Z","441"
"inspiring-home-transformation-264","Inspiring Home Transformation","viral-stories","2026-07-15T15:00:00Z","441"
"inspiring-home-transformation-392","Inspiring Home Transformation","viral-stories","2026-09-17T15:00:00Z","439"
"inspiring-home-transformation-520","Inspiring Home Transformation","viral-stories","2026-11-21T15:00:00Z","439"
"inspiring-home-transformation","Inspiring Home Transformation","viral-stories","2026-03-10T15:00:00Z","433"
"instant-pot-basics","Instant Pot Basics","food","2026-06-07T09:00:00Z","477"
"interior-design-on-budget","Interior Design on Budget","home-and-garden","2026-06-07T15:00:00Z","450"
"iron-rich-foods","Iron-Rich Foods","health","2026-08-25T15:00:00Z","437"
"jet-lag-tips-405","Jet Lag Tips","life-hacks","2026-09-24T09:00:00Z","464"
"jet-lag-tips","Jet Lag Tips","life-hacks","2026-05-07T09:00:00Z","464"
"joint-care","Joint Care","health","2026-09-14T15:00:00Z","582"
"kids-chores-501","Kids Chores","life-hacks","2026-11-12T09:00:00Z","463"
"kids-chores","Kids Chores","life-hacks","2026-06-24T09:00:00Z","460"
"kids-lunch-ideas","Kids Lunch Ideas","food","2026-11-19T09:00:00Z","476"
"kids-room-organization","Kids Room Organization","home-and-garden","2026-09-11T15:00:00Z","448"
"kindness-story-216","Kindness Story","viral-stories","2026-06-21T15:00:00Z","436"
"kindness-story-344","Kindness Story","viral-stories","2026-08-24T15:00:00Z","437"
"kindness-story-472","Kindness Story","viral-stories","2026-10-28T15:00:00Z","436"
"kindness-story","Kindness Story","viral-stories","2026-04-18T15:00:00Z","437"
"kitchen-drawer-organizers-516","Kitchen Drawer Organizers","home-and-garden","2026-11-19T15:00:00Z","444"
"kitchen-drawer-organizers","Kitchen Drawer Organizers","home-and-garden","2026-03-28T15:00:00Z","444"
"kitchen-grease-removal-561","Kitchen Grease Removal","cleaning","2026-12-12T09:00:00Z","475"
"kitchen-grease-removal","Kitchen Grease Removal","cleaning","2026-03-19T09:00:00Z","478"
"kitchen-hacks-that-save-time","Kitchen Hacks That Save Time","food","2026-03-24T09:00:00Z","482"
"kitchen-safety","Kitchen Safety","food","2026-10-26T09:00:00Z","475"
"kitchen-spray-recipe","Kitchen Spray Recipe","cleaning","2026-11-22T09:00:00Z","477"
"kneading-dough","Kneading Dough","food","2026-08-18T09:00:00Z","474"
"knife-skills-basics","Knife Skills Basics","food","2026-10-17T09:00:00Z","476"
"laundry-room-setup","Laundry Room Setup","home-and-garden","2026-09-27T15:00:00Z","443"
"laundry-stain-removal-569","Laundry Stain Removal","cleaning","2026-12-16T09:00:00Z","475"
"laundry-stain-removal","Laundry Stain Removal","cleaning","2026-03-23T09:00:00Z","480"
"led-bulb-upgrade-430","LED Bulb Upgrade","diy","2026-10-06T15:00:00Z","446"
"led-bulb-upgrade","LED Bulb Upgrade","diy","2026-05-11T15:00:00Z","446"
"leftover-makeovers","Leftover Makeovers","food","2026-03-20T09:00:00Z","473"
"lemon-cleaning-uses","Lemon Cleaning Uses","cleaning","2026-09-30T09:00:00Z","475"
"lemon-next-to-bed","She Puts a Cut Lemon Next to Her Bed Every Night — Here","life-hacks","","332"
"lemon-water-benefits","This Is Why You Should Drink Lemon Water Every Day — Doctors Are Amazed","health","","470"
"life-hacks-save-time","20 Life Hacks That Will Save You Hours Every Week","life-hacks","","752"
"light-switch-replace-414","Light Switch Replace","diy","2026-09-28T15:00:00Z","447"
"light-switch-replace","Light Switch Replace","diy","2026-05-03T15:00:00Z","445"
"lighting-layers","Lighting Layers","home-and-garden","2026-06-19T15:00:00Z","442"
"lip-care-279","Lip Care","beauty","2026-07-23T09:00:00Z","566"
"lip-care-495","Lip Care","beauty","2026-11-09T09:00:00Z","554"
"lip-care","Lip Care","beauty","2026-04-06T09:00:00Z","454"
"low-sodium-cooking","Low-Sodium Cooking","food","2026-12-13T09:00:00Z","473"
"lower-back-care","Lower Back Care","health","2026-07-08T15:00:00Z","438"
"lunch-box-odor","Lunch Box Odor","cleaning","2026-07-12T09:00:00Z","478"
"lunch-on-the-go-541","Lunch on the Go","life-hacks","2026-12-02T09:00:00Z","467"
"lunch-on-the-go","Lunch on the Go","life-hacks","2026-07-14T09:00:00Z","467"
"lunch-packing","Lunch Packing","food","2026-07-13T09:00:00Z","474"
"magnesium-and-sleep","Magnesium and Sleep","health","2026-08-21T15:00:00Z","438"
"manicure-at-home-399","Manicure at Home","beauty","2026-09-21T09:00:00Z","458"
"manicure-at-home","Manicure at Home","beauty","2026-06-05T09:00:00Z","455"
"mascara-tips-367","Mascara Tips","beauty","2026-09-05T09:00:00Z","453"
"mascara-tips-583","Mascara Tips","beauty","2026-12-23T09:00:00Z","453"
"mascara-tips","Mascara Tips","beauty","2026-05-20T09:00:00Z","456"
"meal-prep-sunday-579","Meal Prep Sunday","food","2026-12-21T09:00:00Z","478"
"meal-prep-sunday","Meal Prep Sunday","food","2026-03-08T09:00:00Z","472"
"meal-timing","Meal Timing","health","2026-05-21T15:00:00Z","436"
"measuring-tips","Measuring Tips","food","2026-08-10T09:00:00Z","471"
"meditation-starter","Meditation Starter","health","2026-12-04T15:00:00Z","438"
"meeting-efficiency-333","Meeting Efficiency","life-hacks","2026-08-19T09:00:00Z","463"
"meeting-efficiency","Meeting Efficiency","life-hacks","2026-04-01T09:00:00Z","461"
"mental-clarity-tips","Mental Clarity Tips","health","2026-04-11T15:00:00Z","441"
"metabolism-basics","Metabolism Basics","health","2026-11-02T15:00:00Z","436"
"microfiber-tips","Microfiber Tips","cleaning","2026-10-20T09:00:00Z","473"
"microwave-cleaning","Microwave Cleaning","cleaning","2026-05-01T09:00:00Z","475"
"milk-and-dairy","Milk and Dairy","food","2026-05-10T09:00:00Z","479"
"mindful-eating","Mindful Eating","health","2026-05-13T15:00:00Z","639"
"minimalist-home","Minimalist Home","home-and-garden","2026-10-21T15:00:00Z","444"
"minimalist-journey-176","Minimalist Journey","viral-stories","2026-06-01T15:00:00Z","642"
"minimalist-journey-304","Minimalist Journey","viral-stories","2026-08-04T15:00:00Z","437"
"minimalist-journey-432","Minimalist Journey","viral-stories","2026-10-07T15:00:00Z","439"
"minimalist-journey-560","Minimalist Journey","viral-stories","2026-12-11T15:00:00Z","438"
"minimalist-journey","Minimalist Journey","viral-stories","2026-03-29T15:00:00Z","439"
"mold-prevention-tips","Mold Prevention Tips","cleaning","2026-04-15T09:00:00Z","478"
"money-saving-daily-349","Money Saving Daily","life-hacks","2026-08-27T09:00:00Z","466"
"money-saving-daily","Money Saving Daily","life-hacks","2026-04-09T09:00:00Z","463"
"mood-and-food","Mood and Food","health","2026-08-09T15:00:00Z","440"
"mop-water-tips","Mop Water Tips","cleaning","2026-11-02T09:00:00Z","478"
"morning-energy-boosters-586","Morning Energy Boosters","health","2026-12-24T15:00:00Z","441"
"morning-energy-boosters","Morning Energy Boosters","health","2026-03-07T15:00:00Z","433"
"morning-productivity-routine-285","Morning Productivity Routine","life-hacks","2026-07-26T09:00:00Z","463"
"morning-productivity-routine-565","Morning Productivity Routine","life-hacks","2026-12-14T09:00:00Z","463"
"morning-productivity-routine","Morning Productivity Routine","life-hacks","2026-03-09T09:00:00Z","459"
"morning-rush-525","Morning Rush","life-hacks","2026-11-24T09:00:00Z","460"
"morning-rush","Morning Rush","life-hacks","2026-07-06T09:00:00Z","463"
"moving-out-cleaning","Moving Out Cleaning","cleaning","2026-09-10T09:00:00Z","477"
"mudroom-ideas","Mudroom Ideas","home-and-garden","2026-10-01T15:00:00Z","443"
"mulching","Mulching","home-and-garden","2026-05-14T15:00:00Z","440"
"nail-care-at-home-375","Nail Care at Home","beauty","2026-09-09T09:00:00Z","458"
"nail-care-at-home-591","Nail Care at Home","beauty","2026-12-27T09:00:00Z","462"
"nail-care-at-home","Nail Care at Home","beauty","2026-05-24T09:00:00Z","459"
"nail-health","Nail Health","health","2026-09-26T15:00:00Z","435"
"nail-strengthening-391","Nail Strengthening","beauty","2026-09-17T09:00:00Z","639"
"nail-strengthening","Nail Strengthening","beauty","2026-06-01T09:00:00Z","639"
"natural-allergy-relief","Natural Allergy Relief","health","2026-03-15T15:00:00Z","438"
"natural-bathroom-cleaners-553","Natural Bathroom Cleaners","cleaning","2026-12-08T09:00:00Z","476"
"natural-bathroom-cleaners","Natural Bathroom Cleaners","cleaning","2026-03-15T09:00:00Z","478"
"natural-beauty-hacks","10 Natural Beauty Hacks Using Ingredients in Your Kitchen","beauty","","727"
"natural-face-mask-231","Natural Face Mask","beauty","2026-06-29T09:00:00Z","456"
"natural-face-mask-447","Natural Face Mask","beauty","2026-10-15T09:00:00Z","458"
"natural-face-mask","Natural Face Mask","beauty","2026-03-14T09:00:00Z","455"
"natural-headache-relief","Natural Headache Relief","health","2026-04-15T15:00:00Z","441"
"natural-makeup-look-335","Natural Makeup Look","beauty","2026-08-20T09:00:00Z","459"
"natural-makeup-look-551","Natural Makeup Look","beauty","2026-12-07T09:00:00Z","457"
"natural-makeup-look","Natural Makeup Look","beauty","2026-05-04T09:00:00Z","456"
"natural-pain-relief","Natural Pain Relief","health","2026-09-06T15:00:00Z","440"
"natural-ways-sleep-better","10 Natural Ways to Sleep Better Tonight","health","","874"
"nature-and-mood","Nature and Mood","health","2026-12-20T15:00:00Z","441"
"neck-tension-relief","Neck Tension Relief","health","2026-07-04T15:00:00Z","438"
"negotiate-bills-373","Negotiate Bills","life-hacks","2026-09-08T09:00:00Z","461"
"negotiate-bills","Negotiate Bills","life-hacks","2026-04-21T09:00:00Z","462"
"new-home-cleaning","New Home Cleaning","cleaning","2026-09-14T09:00:00Z","475"
"newspaper-for-windows","Newspaper for Windows","cleaning","2026-10-16T09:00:00Z","477"
"noise-and-sleep","Noise and Sleep","health","2026-10-16T15:00:00Z","438"
"oil-and-vinegar","Oil and Vinegar","food","2026-10-05T09:00:00Z","478"
"oily-skin-balance-247","Oily Skin Balance","beauty","2026-07-07T09:00:00Z","458"
"oily-skin-balance-463","Oily Skin Balance","beauty","2026-10-23T09:00:00Z","457"
"oily-skin-balance","Oily Skin Balance","beauty","2026-03-22T09:00:00Z","459"
"omega-3-benefits","Omega-3 Benefits","health","2026-08-17T15:00:00Z","437"
"one-pot-meals","One-Pot Meals","food","2026-05-26T09:00:00Z","471"
"oral-health-habits","Oral Health Habits","health","2026-09-30T15:00:00Z","438"
"outdoor-furniture-cleaning-577","Outdoor Furniture Cleaning","cleaning","2026-12-20T09:00:00Z","478"
"outdoor-furniture-cleaning","Outdoor Furniture Cleaning","cleaning","2026-03-27T09:00:00Z","478"
"outdoor-lighting","Outdoor Lighting","home-and-garden","2026-07-29T15:00:00Z","442"
"outdoor-seating","Outdoor Seating","home-and-garden","2026-07-13T15:00:00Z","444"
"outlet-install-422","Outlet Install","diy","2026-10-02T15:00:00Z","444"
"outlet-install","Outlet Install","diy","2026-05-07T15:00:00Z","442"
"oven-cleaning-without-chemicals","Oven Cleaning Without Chemicals","cleaning","2026-05-05T09:00:00Z","479"
"oven-temperature","Oven Temperature","food","2026-08-14T09:00:00Z","474"
"overcoming-challenge-224","Overcoming Challenge","viral-stories","2026-06-25T15:00:00Z","436"
"overcoming-challenge-352","Overcoming Challenge","viral-stories","2026-08-28T15:00:00Z","437"
"overcoming-challenge-480","Overcoming Challenge","viral-stories","2026-11-01T15:00:00Z","436"
"overcoming-challenge","Overcoming Challenge","viral-stories","2026-04-22T15:00:00Z","436"
"overnight-oats","Overnight Oats","food","2026-07-05T09:00:00Z","474"
"packing-light-389","Packing Light","life-hacks","2026-09-16T09:00:00Z","462"
"packing-light","Packing Light","life-hacks","2026-04-29T09:00:00Z","461"
"paint-a-room-350","Paint a Room","diy","2026-08-27T15:00:00Z","446"
"paint-a-room","Paint a Room","diy","2026-04-01T15:00:00Z","446"
"paint-brush-care-358","Paint Brush Care","diy","2026-08-31T15:00:00Z","449"
"paint-brush-care","Paint Brush Care","diy","2026-04-05T15:00:00Z","445"
"pallet-projects-526","Pallet Projects","diy","2026-11-24T15:00:00Z","443"
"pallet-projects","Pallet Projects","diy","2026-06-28T15:00:00Z","443"
"pantry-organization","Pantry Organization","food","2026-04-04T09:00:00Z","475"
"parenting-shortcuts-493","Parenting Shortcuts","life-hacks","2026-11-08T09:00:00Z","461"
"parenting-shortcuts","Parenting Shortcuts","life-hacks","2026-06-20T09:00:00Z","462"
"password-manager-437","Password Manager","life-hacks","2026-10-10T09:00:00Z","460"
"password-manager","Password Manager","life-hacks","2026-05-23T09:00:00Z","460"
"pasta-tips","Pasta Tips","food","2026-06-15T09:00:00Z","473"
"patio-ideas","Patio Ideas","home-and-garden","2026-07-17T15:00:00Z","442"
"pest-control-natural-596","Pest Control Natural","home-and-garden","2026-12-29T15:00:00Z","446"
"pest-control-natural","Pest Control Natural","home-and-garden","2026-05-06T15:00:00Z","446"
"pet-stain-removal","Pet Stain Removal","cleaning","2026-04-23T09:00:00Z","475"
"phone-storage-429","Phone Storage","life-hacks","2026-10-06T09:00:00Z","460"
"phone-storage","Phone Storage","life-hacks","2026-05-19T09:00:00Z","460"
"pickle-juice-benefits","Top Doctor: Drinking Pickle Juice Daily Could Change Your Life","health","","337"
"picky-eater-tips","Picky Eater Tips","food","2026-11-23T09:00:00Z","475"
"picnic-food-safety","Picnic Food Safety","food","2026-11-11T09:00:00Z","477"
"pie-crust","Pie Crust","food","2026-09-07T09:00:00Z","471"
"pillow-and-mattress","Pillow and Mattress","health","2026-10-24T15:00:00Z","440"
"pipe-insulation-398","Pipe Insulation","diy","2026-09-20T15:00:00Z","443"
"pipe-insulation","Pipe Insulation","diy","2026-04-25T15:00:00Z","445"
"portion-and-freeze","Portion and Freeze","food","2026-05-18T09:00:00Z","475"
"portion-control","Portion Control","health","2026-05-17T15:00:00Z","438"
"posture-fixes","Posture Fixes","health","2026-06-30T15:00:00Z","438"
"power-nap-benefits","Power Nap Benefits","health","2026-06-10T15:00:00Z","438"
"probiotic-foods","Probiotic Foods","health","2026-05-05T15:00:00Z","606"
"processed-food-reduction","Processed Food Reduction","health","2026-11-18T15:00:00Z","439"
"pruning-basics-572","Pruning Basics","home-and-garden","2026-12-17T15:00:00Z","443"
"pruning-basics","Pruning Basics","home-and-garden","2026-04-24T15:00:00Z","444"
"quality-time-469","Quality Time","life-hacks","2026-10-27T09:00:00Z","461"
"quality-time","Quality Time","life-hacks","2026-06-08T09:00:00Z","461"
"quick-breakfast-533","Quick Breakfast","life-hacks","2026-11-28T09:00:00Z","460"
"quick-breakfast","Quick Breakfast","life-hacks","2026-07-10T09:00:00Z","460"
"quick-desk-stretches","Quick Desk Stretches","health","2026-04-03T15:00:00Z","438"
"quick-dusting-hacks","Quick Dusting Hacks","cleaning","2026-04-19T09:00:00Z","475"
"quick-weeknight-dinners","Quick Weeknight Dinners","food","2026-05-22T09:00:00Z","477"
"range-hood-filter","Range Hood Filter","cleaning","2026-08-13T09:00:00Z","477"
"reduce-food-waste","Reduce Food Waste","food","2026-04-08T09:00:00Z","478"
"refrigerator-organization-and-clean","Refrigerator Organization and Clean","cleaning","2026-05-29T09:00:00Z","479"
"reheating-safely","Reheating Safely","food","2026-11-07T09:00:00Z","472"
"relationship-communication-461","Relationship Communication","life-hacks","2026-10-22T09:00:00Z","463"
"relationship-communication","Relationship Communication","life-hacks","2026-06-04T09:00:00Z","464"
"remove-stains-clothes","The Complete Guide to Removing Stains from Clothes","cleaning","","970"
"rice-cooking-perfect","Rice Cooking Perfect","food","2026-06-11T09:00:00Z","475"
"road-trip-prep-413","Road Trip Prep","life-hacks","2026-09-28T09:00:00Z","464"
"road-trip-prep","Road Trip Prep","life-hacks","2026-05-11T09:00:00Z","466"
"roasting-vegetables","Roasting Vegetables","food","2026-06-23T09:00:00Z","471"
"roller-tips-366","Roller Tips","diy","2026-09-04T15:00:00Z","445"
"roller-tips","Roller Tips","diy","2026-04-09T15:00:00Z","443"
"rug-sizing","Rug Sizing","home-and-garden","2026-06-27T15:00:00Z","441"
"salad-prep","Salad Prep","food","2026-06-27T09:00:00Z","471"
"salt-and-pepper","Salt and Pepper","food","2026-10-09T09:00:00Z","476"
"salt-as-abrasive","Salt as Abrasive","cleaning","2026-10-04T09:00:00Z","474"
"salt-intake","Salt Intake","health","2026-11-14T15:00:00Z","439"
"sanding-basics-494","Sanding Basics","diy","2026-11-08T15:00:00Z","444"
"sanding-basics","Sanding Basics","diy","2026-06-12T15:00:00Z","443"
"screen-door-repair-462","Screen Door Repair","diy","2026-10-22T15:00:00Z","445"
"screen-door-repair","Screen Door Repair","diy","2026-05-27T15:00:00Z","449"
"screen-time-and-sleep","Screen Time and Sleep","health","2026-05-29T15:00:00Z","444"
"screen-time-rules-509","Screen Time Rules","life-hacks","2026-11-16T09:00:00Z","463"
"screen-time-rules","Screen Time Rules","life-hacks","2026-06-28T09:00:00Z","466"
"seasonal-affective-tips","Seasonal Affective Tips","health","2026-08-05T15:00:00Z","439"
"seasonal-decor-swap","Seasonal Decor Swap","home-and-garden","2026-10-13T15:00:00Z","447"
"seed-starting-588","Seed Starting","home-and-garden","2026-12-25T15:00:00Z","442"
"seed-starting","Seed Starting","home-and-garden","2026-05-02T15:00:00Z","441"
"sheet-pan-dinners","Sheet Pan Dinners","food","2026-05-30T09:00:00Z","475"
"shelf-build-534","Shelf Build","diy","2026-11-28T15:00:00Z","442"
"shelf-build","Shelf Build","diy","2026-07-02T15:00:00Z","444"
"shelf-styling","Shelf Styling","home-and-garden","2026-07-05T15:00:00Z","441"
"shoe-storage-and-cleaning","Shoe Storage and Cleaning","cleaning","2026-07-04T09:00:00Z","481"
"showerhead-descaling","Showerhead Descaling","cleaning","2026-05-17T09:00:00Z","475"
"simple-diy-home-repairs","7 Simple DIY Home Repairs Anyone Can Do","diy","","968"
"sink-drain-freshening","Sink Drain Freshening","cleaning","2026-08-05T09:00:00Z","478"
"skin-from-within","Skin from Within","health","2026-09-18T15:00:00Z","437"
"skincare-routine-order-223","Skincare Routine Order","beauty","2026-06-25T09:00:00Z","456"
"skincare-routine-order-439","Skincare Routine Order","beauty","2026-10-11T09:00:00Z","458"
"skincare-routine-order","Skincare Routine Order","beauty","2026-03-10T09:00:00Z","453"
"sleep-and-skin-415","Sleep and Skin","beauty","2026-09-29T09:00:00Z","456"
"sleep-and-skin","Sleep and Skin","beauty","2026-06-13T09:00:00Z","458"
"sleep-environment","Sleep Environment","health","2026-10-08T15:00:00Z","435"
"sleep-quality-tips-594","Sleep Quality Tips","health","2026-12-28T15:00:00Z","439"
"sleep-quality-tips","Sleep Quality Tips","health","2026-03-11T15:00:00Z","434"
"slow-cooker-tips","Slow Cooker Tips","food","2026-06-03T09:00:00Z","474"
"small-apartment-storage-ideas","Genius Small Apartment Storage Ideas to Maximize Space","home-and-garden","","682"
"small-bathroom","Small Bathroom","home-and-garden","2026-08-10T15:00:00Z","443"
"small-bedroom","Small Bedroom","home-and-garden","2026-08-06T15:00:00Z","444"
"small-kitchen","Small Kitchen","home-and-garden","2026-08-14T15:00:00Z","443"
"small-living-room","Small Living Room","home-and-garden","2026-08-02T15:00:00Z","444"
"small-space-organization-476","Small Space Organization","home-and-garden","2026-10-30T15:00:00Z","444"
"small-space-organization","Small Space Organization","home-and-garden","2026-03-08T15:00:00Z","442"
"smoothie-prep","Smoothie Prep","food","2026-07-01T09:00:00Z","472"
"snack-prep","Snack Prep","food","2026-07-17T09:00:00Z","471"
"social-connection","Social Connection","health","2026-12-12T15:00:00Z","437"
"sore-throat-soothers","Sore Throat Soothers","health","2026-07-24T15:00:00Z","438"
"spice-storage","Spice Storage","food","2026-10-01T09:00:00Z","475"
"spill-prevention","Spill Prevention","cleaning","2026-08-25T09:00:00Z","472"
"split-end-tips-327","Split End Tips","beauty","2026-08-16T09:00:00Z","459"
"split-end-tips-543","Split End Tips","beauty","2026-12-03T09:00:00Z","457"
"split-end-tips","Split End Tips","beauty","2026-04-30T09:00:00Z","455"
"sponge-and-brush-care","Sponge and Brush Care","cleaning","2026-08-01T09:00:00Z","479"
"spray-bottle-recipes","Spray Bottle Recipes","cleaning","2026-11-10T09:00:00Z","478"
"spring-cleaning-checklist","Spring Cleaning Checklist","cleaning","2026-08-29T09:00:00Z","477"
"stain-and-seal-502","Stain and Seal","diy","2026-11-12T15:00:00Z","446"
"stain-and-seal","Stain and Seal","diy","2026-06-16T15:00:00Z","448"
"stair-climbing","Stair Climbing","health","2026-06-22T15:00:00Z","600"
"standing-desk-tips","Standing Desk Tips","health","2026-06-26T15:00:00Z","441"
"steam-cleaning-basics","Steam Cleaning Basics","cleaning","2026-10-24T09:00:00Z","475"
"sticky-door-454","Sticky Door","diy","2026-10-18T15:00:00Z","443"
"sticky-door","Sticky Door","diy","2026-05-23T15:00:00Z","446"
"store-brand-vs-name","Store Brand vs Name","food","2026-08-02T09:00:00Z","477"
"storing-leftovers","Storing Leftovers","food","2026-11-03T09:00:00Z","472"
"stovetop-splatter","Stovetop Splatter","cleaning","2026-08-17T09:00:00Z","474"
"stress-and-skin-431","Stress and Skin","beauty","2026-10-07T09:00:00Z","458"
"stress-and-skin","Stress and Skin","beauty","2026-06-21T09:00:00Z","458"
"stress-relief-techniques","Stress Relief Techniques","health","2026-03-30T15:00:00Z","438"
"studio-apartment","Studio Apartment","home-and-garden","2026-08-18T15:00:00Z","442"
"subscription-audit-365","Subscription Audit","life-hacks","2026-09-04T09:00:00Z","462"
"subscription-audit","Subscription Audit","life-hacks","2026-04-17T09:00:00Z","465"
"sugar-alternatives","Sugar Alternatives","health","2026-11-10T15:00:00Z","438"
"sugar-free-baking","Sugar-Free Baking","food","2026-12-17T09:00:00Z","472"
"sunscreen-daily-255","Sunscreen Daily","beauty","2026-07-11T09:00:00Z","453"
"sunscreen-daily-471","Sunscreen Daily","beauty","2026-10-28T09:00:00Z","454"
"sunscreen-daily","Sunscreen Daily","beauty","2026-03-26T09:00:00Z","454"
"superfoods-to-try","Superfoods to Try","food","2026-07-21T09:00:00Z","474"
"surprising-fact-about-sleep-152","Surprising Fact About Sleep","viral-stories","2026-05-20T15:00:00Z","443"
"surprising-fact-about-sleep-280","Surprising Fact About Sleep","viral-stories","2026-07-23T15:00:00Z","441"
"surprising-fact-about-sleep-408","Surprising Fact About Sleep","viral-stories","2026-09-25T15:00:00Z","443"
"surprising-fact-about-sleep-536","Surprising Fact About Sleep","viral-stories","2026-11-29T15:00:00Z","443"
"surprising-fact-about-sleep","Surprising Fact About Sleep","viral-stories","2026-03-18T15:00:00Z","442"
"tea-brewing","Tea Brewing","food","2026-09-23T09:00:00Z","475"
"tech-declutter-421","Tech Declutter","life-hacks","2026-10-02T09:00:00Z","461"
"tech-declutter","Tech Declutter","life-hacks","2026-05-15T09:00:00Z","460"
"temperature-and-sleep","Temperature and Sleep","health","2026-10-20T15:00:00Z","438"
"thank-you-notes-485","Thank You Notes","life-hacks","2026-11-04T09:00:00Z","464"
"thank-you-notes","Thank You Notes","life-hacks","2026-06-16T09:00:00Z","464"
"thrift-finds","Thrift Finds","home-and-garden","2026-08-26T15:00:00Z","444"
"throw-pillows","Throw Pillows","home-and-garden","2026-07-09T15:00:00Z","441"
"tile-cleaning","Tile Cleaning","cleaning","2026-05-13T09:00:00Z","472"
"time-blocking-301","Time Blocking","life-hacks","2026-08-03T09:00:00Z","460"
"time-blocking-581","Time Blocking","life-hacks","2026-12-22T09:00:00Z","463"
"time-blocking","Time Blocking","life-hacks","2026-03-17T09:00:00Z","461"
"tiny-home-story-184","Tiny Home Story","viral-stories","2026-06-05T15:00:00Z","439"
"tiny-home-story-312","Tiny Home Story","viral-stories","2026-08-08T15:00:00Z","440"
"tiny-home-story-440","Tiny Home Story","viral-stories","2026-10-11T15:00:00Z","443"
"tiny-home-story-568","Tiny Home Story","viral-stories","2026-12-15T15:00:00Z","441"
"tiny-home-story","Tiny Home Story","viral-stories","2026-04-02T15:00:00Z","441"
"tiny-house-290sqft","23-Year-Old Lives in 290 Sq Ft — The Inside Will Shock You","home-and-garden","","335"
"to-do-list-that-works-309","To-Do List That Works","life-hacks","2026-08-07T09:00:00Z","469"
"to-do-list-that-works-589","To-Do List That Works","life-hacks","2026-12-26T09:00:00Z","466"
"to-do-list-that-works","To-Do List That Works","life-hacks","2026-03-21T09:00:00Z","467"
"toilet-bowl-cleaners","Toilet Bowl Cleaners","cleaning","2026-05-21T09:00:00Z","476"
"toilet-running-fix-382","Toilet Running Fix","diy","2026-09-12T15:00:00Z","448"
"toilet-running-fix","Toilet Running Fix","diy","2026-04-17T15:00:00Z","449"
"toy-storage","Toy Storage","home-and-garden","2026-09-15T15:00:00Z","441"
"trash-can-deodorizing","Trash Can Deodorizing","cleaning","2026-05-25T09:00:00Z","476"
"travel-documents-397","Travel Documents","life-hacks","2026-09-20T09:00:00Z","461"
"travel-documents","Travel Documents","life-hacks","2026-05-03T09:00:00Z","462"
"travel-hacks-381","Travel Hacks","life-hacks","2026-09-12T09:00:00Z","461"
"travel-hacks","Travel Hacks","life-hacks","2026-04-25T09:00:00Z","461"
"trend-explained-256","Trend Explained","viral-stories","2026-07-11T15:00:00Z","438"
"trend-explained-384","Trend Explained","viral-stories","2026-09-13T15:00:00Z","438"
"trend-explained-512","Trend Explained","viral-stories","2026-11-17T15:00:00Z","436"
"trend-explained","Trend Explained","viral-stories","2026-05-08T15:00:00Z","606"
"two-factor-auth-445","Two-Factor Auth","life-hacks","2026-10-14T09:00:00Z","461"
"two-factor-auth","Two-Factor Auth","life-hacks","2026-05-27T09:00:00Z","461"
"unclog-drain-390","Unclog Drain","diy","2026-09-16T15:00:00Z","446"
"unclog-drain","Unclog Drain","diy","2026-04-21T15:00:00Z","444"
"under-bed-storage-500","Under-Bed Storage","home-and-garden","2026-11-11T15:00:00Z","441"
"under-bed-storage","Under-Bed Storage","home-and-garden","2026-03-20T15:00:00Z","441"
"unexpected-life-hack-144","Unexpected Life Hack","viral-stories","2026-05-16T15:00:00Z","439"
"unexpected-life-hack-272","Unexpected Life Hack","viral-stories","2026-07-19T15:00:00Z","439"
"unexpected-life-hack-400","Unexpected Life Hack","viral-stories","2026-09-21T15:00:00Z","440"
"unexpected-life-hack-528","Unexpected Life Hack","viral-stories","2026-11-25T15:00:00Z","441"
"unexpected-life-hack","Unexpected Life Hack","viral-stories","2026-03-14T15:00:00Z","436"
"unusual-home-feature-232","Unusual Home Feature","viral-stories","2026-06-29T15:00:00Z","439"
"unusual-home-feature-360","Unusual Home Feature","viral-stories","2026-09-01T15:00:00Z","442"
"unusual-home-feature-488","Unusual Home Feature","viral-stories","2026-11-05T15:00:00Z","442"
"unusual-home-feature","Unusual Home Feature","viral-stories","2026-04-26T15:00:00Z","442"
"upcycle-furniture-518","Upcycle Furniture","diy","2026-11-20T15:00:00Z","442"
"upcycle-furniture","Upcycle Furniture","diy","2026-06-24T15:00:00Z","446"
"vacuum-maintenance","Vacuum Maintenance","cleaning","2026-10-29T09:00:00Z","475"
"varnish-tips-510","Varnish Tips","diy","2026-11-16T15:00:00Z","443"
"varnish-tips","Varnish Tips","diy","2026-06-20T15:00:00Z","443"
"vegan-substitutes","Vegan Substitutes","food","2026-12-01T09:00:00Z","472"
"vegetable-freshness","Vegetable Freshness","food","2026-04-20T09:00:00Z","472"
"vegetable-patch","Vegetable Patch","home-and-garden","2026-05-30T15:00:00Z","444"
"vertical-garden","Vertical Garden","home-and-garden","2026-05-18T15:00:00Z","441"
"vinegar-and-baking-soda-combos-545","Vinegar and Baking Soda Combos","cleaning","2026-12-04T09:00:00Z","481"
"vinegar-and-baking-soda-combos","Vinegar and Baking Soda Combos","cleaning","2026-03-11T09:00:00Z","477"
"vinegar-cleaning-guide","The Ultimate Vinegar Cleaning Guide: 10 Uses You Didn","cleaning","","843"
"viral-recipe-origin-248","Viral Recipe Origin","viral-stories","2026-07-07T15:00:00Z","438"
"viral-recipe-origin-376","Viral Recipe Origin","viral-stories","2026-09-09T15:00:00Z","439"
"viral-recipe-origin-504","Viral Recipe Origin","viral-stories","2026-11-13T15:00:00Z","440"
"viral-recipe-origin","Viral Recipe Origin","viral-stories","2026-05-04T15:00:00Z","442"
"vitamin-d-and-sun","Vitamin D and Sun","health","2026-03-23T15:00:00Z","442"
"walking-for-health","Walking for Health","health","2026-06-14T15:00:00Z","437"
"wall-art-arrangement","Wall Art Arrangement","home-and-garden","2026-07-01T15:00:00Z","445"
"washing-machine-cleaning","Washing Machine Cleaning","cleaning","2026-06-06T09:00:00Z","475"
"water-bottle-cleaning","Water Bottle Cleaning","cleaning","2026-07-16T09:00:00Z","478"
"water-heater-basics-406","Water Heater Basics","diy","2026-09-24T15:00:00Z","447"
"water-heater-basics","Water Heater Basics","diy","2026-04-29T15:00:00Z","446"
"watering-tips-564","Watering Tips","home-and-garden","2026-12-13T15:00:00Z","446"
"watering-tips","Watering Tips","home-and-garden","2026-04-20T15:00:00Z","444"
"weather-stripping-478","Weather Stripping","diy","2026-10-31T15:00:00Z","442"
"weather-stripping","Weather Stripping","diy","2026-06-04T15:00:00Z","446"
"weeding-tips","Weeding Tips","home-and-garden","2026-05-10T15:00:00Z","445"
"weight-management-tips","Weight Management Tips","health","2026-10-29T15:00:00Z","437"
"wellness-and-skin-407","Wellness and Skin","beauty","2026-09-25T09:00:00Z","458"
"wellness-and-skin","Wellness and Skin","beauty","2026-06-09T09:00:00Z","458"
"window-seal-470","Window Seal","diy","2026-10-27T15:00:00Z","443"
"window-seal","Window Seal","diy","2026-05-31T15:00:00Z","444"
"window-sill-cleaning","Window Sill Cleaning","cleaning","2026-06-18T09:00:00Z","477"
"wood-fill-486","Wood Fill","diy","2026-11-04T15:00:00Z","446"
"wood-fill","Wood Fill","diy","2026-06-08T15:00:00Z","444"
"wood-floor-care","Wood Floor Care","cleaning","2026-05-09T09:00:00Z","475"
"wreath-making-574","Wreath Making","diy","2026-12-18T15:00:00Z","443"
"wreath-making","Wreath Making","diy","2026-07-22T15:00:00Z","443"
"wrist-and-hand-care","Wrist and Hand Care","health","2026-07-12T15:00:00Z","441"
"yeast-and-rising","Yeast and Rising","food","2026-08-22T09:00:00Z","475"
"yoga-for-beginners","Yoga for Beginners","health","2026-11-26T15:00:00Z","441"